-- phpMyAdmin SQL Dump
-- version 5.2.1
-- https://www.phpmyadmin.net/
--
-- Host: 127.0.0.1
-- Generation Time: Apr 13, 2025 at 06:54 AM
-- Server version: 10.4.32-MariaDB
-- PHP Version: 8.2.12

SET SQL_MODE = "NO_AUTO_VALUE_ON_ZERO";
START TRANSACTION;
SET time_zone = "+00:00";


/*!40101 SET @OLD_CHARACTER_SET_CLIENT=@@CHARACTER_SET_CLIENT */;
/*!40101 SET @OLD_CHARACTER_SET_RESULTS=@@CHARACTER_SET_RESULTS */;
/*!40101 SET @OLD_COLLATION_CONNECTION=@@COLLATION_CONNECTION */;
/*!40101 SET NAMES utf8mb4 */;

--
-- Database: `perpustakaan`
--

-- --------------------------------------------------------

--
-- Table structure for table `anggota`
--

CREATE TABLE `anggota` (
  `id_anggota` int(11) NOT NULL,
  `nama` varchar(100) DEFAULT NULL,
  `alamat` text DEFAULT NULL,
  `no_telepon` varchar(15) DEFAULT NULL
) ENGINE=InnoDB DEFAULT CHARSET=utf8mb4 COLLATE=utf8mb4_general_ci;

--
-- Dumping data for table `anggota`
--

INSERT INTO `anggota` (`id_anggota`, `nama`, `alamat`, `no_telepon`) VALUES
(1, 'Rina', 'Jl. Kita No.1', '0811111111'),
(2, 'Dedi', 'Jl. Jalan No.20', '0822222222'),
(3, 'Santi', 'Jl. Sana No.23', '0833333333'),
(4, 'Agus', 'Jl. Buntu No.42', '0844444444'),
(5, 'Lina', 'Jl. Lari No.15', '0855555555');

-- --------------------------------------------------------

--
-- Table structure for table `buku`
--

CREATE TABLE `buku` (
  `id_buku` int(11) NOT NULL,
  `judul` varchar(100) DEFAULT NULL,
  `pengarang` varchar(100) DEFAULT NULL,
  `penerbit` varchar(100) DEFAULT NULL,
  `tahun_terbit` int(11) DEFAULT NULL,
  `stok` int(11) DEFAULT NULL
) ENGINE=InnoDB DEFAULT CHARSET=utf8mb4 COLLATE=utf8mb4_general_ci;

--
-- Dumping data for table `buku`
--

INSERT INTO `buku` (`id_buku`, `judul`, `pengarang`, `penerbit`, `tahun_terbit`, `stok`) VALUES
(1, 'Belajar SQL', 'Eka MySQL', 'Republika', 2020, 5),
(2, 'Dasar Pemrograman', 'Budi Python', 'Erlangga', 2019, 3),
(3, 'Basis Data Lanjut', 'Stefanus Atribut', 'Gramedia', 2021, 4),
(4, 'Algoritma & Struktur Data', 'Bobby Array', 'Deepublish', 2018, 6),
(5, 'Jaringan Komputer', 'Andi Mikrotik', 'Falcon', 2022, 2);

-- --------------------------------------------------------

--
-- Table structure for table `peminjaman`
--

CREATE TABLE `peminjaman` (
  `id_peminjaman` int(11) NOT NULL,
  `id_anggota` int(11) DEFAULT NULL,
  `id_buku` int(11) DEFAULT NULL,
  `tanggal_pinjam` date DEFAULT NULL,
  `tanggal_kembali` date DEFAULT NULL,
  `status` enum('Dipinjam','Dikembalikan') DEFAULT NULL
) ENGINE=InnoDB DEFAULT CHARSET=utf8mb4 COLLATE=utf8mb4_general_ci;

--
-- Dumping data for table `peminjaman`
--

INSERT INTO `peminjaman` (`id_peminjaman`, `id_anggota`, `id_buku`, `tanggal_pinjam`, `tanggal_kembali`, `status`) VALUES
(1, 1, 1, '2023-12-10', '2023-12-17', 'Dikembalikan'),
(2, 2, 2, '2024-08-08', '2024-08-15', 'Dipinjam'),
(3, 3, 3, '2022-01-09', '2022-01-16', 'Dikembalikan'),
(4, 4, 4, '2025-02-04', '2025-02-11', 'Dipinjam'),
(5, 5, 5, '2025-03-01', '2025-04-08', 'Dipinjam');

--
-- Indexes for dumped tables
--

--
-- Indexes for table `anggota`
--
ALTER TABLE `anggota`
  ADD PRIMARY KEY (`id_anggota`);

--
-- Indexes for table `buku`
--
ALTER TABLE `buku`
  ADD PRIMARY KEY (`id_buku`);

--
-- Indexes for table `peminjaman`
--
ALTER TABLE `peminjaman`
  ADD PRIMARY KEY (`id_peminjaman`),
  ADD KEY `id_anggota` (`id_anggota`),
  ADD KEY `id_buku` (`id_buku`);

--
-- AUTO_INCREMENT for dumped tables
--

--
-- AUTO_INCREMENT for table `anggota`
--
ALTER TABLE `anggota`
  MODIFY `id_anggota` int(11) NOT NULL AUTO_INCREMENT, AUTO_INCREMENT=6;

--
-- AUTO_INCREMENT for table `buku`
--
ALTER TABLE `buku`
  MODIFY `id_buku` int(11) NOT NULL AUTO_INCREMENT, AUTO_INCREMENT=6;

--
-- AUTO_INCREMENT for table `peminjaman`
--
ALTER TABLE `peminjaman`
  MODIFY `id_peminjaman` int(11) NOT NULL AUTO_INCREMENT, AUTO_INCREMENT=6;

--
-- Constraints for dumped tables
--

--
-- Constraints for table `peminjaman`
--
ALTER TABLE `peminjaman`
  ADD CONSTRAINT `peminjaman_ibfk_1` FOREIGN KEY (`id_anggota`) REFERENCES `anggota` (`id_anggota`),
  ADD CONSTRAINT `peminjaman_ibfk_2` FOREIGN KEY (`id_buku`) REFERENCES `buku` (`id_buku`);
COMMIT;

/*!40101 SET CHARACTER_SET_CLIENT=@OLD_CHARACTER_SET_CLIENT */;
/*!40101 SET CHARACTER_SET_RESULTS=@OLD_CHARACTER_SET_RESULTS */;
/*!40101 SET COLLATION_CONNECTION=@OLD_COLLATION_CONNECTION */;
